{"cameraMode":{"drawMode":0,"name":"Shaded","section":"Shading Mode"},"sceneLighting":true,"audioPlay":false,"sceneViewState":{"showFog":true,"showMaterialUpdate":false,"showSkybox":false,"showFlares":true,"showImageEffects":true,"showParticleSystems":true},"in2DMode":false,"pivot":{"x":15.706476211547852,"y":1.579032301902771,"z":-15.601850509643555},"rotation":{"x":0.059204697608947757,"y":0.37386777997016909,"z":-0.023921824991703035,"w":0.9252821803092957},"size":0.18906819820404054,"orthographic":true}