{"cameraMode":{"drawMode":0,"name":"Shaded","section":"Shading Mode"},"sceneLighting":false,"audioPlay":false,"sceneViewState":{"showFog":true,"showMaterialUpdate":false,"showSkybox":false,"showFlares":true,"showImageEffects":true,"showParticleSystems":true},"in2DMode":false,"pivot":{"x":-1.9930000305175782,"y":-0.012000001035630703,"z":3.504499912261963},"rotation":{"x":0.11009454727172852,"y":0.5374836325645447,"z":-0.07103229314088822,"w":0.8330374956130981},"size":0.28565719723701479,"orthographic":true}