{"cameraMode":{"drawMode":0,"name":"Shaded","section":"Shading Mode"},"sceneLighting":true,"audioPlay":false,"sceneViewState":{"showFog":true,"showMaterialUpdate":false,"showSkybox":true,"showFlares":true,"showImageEffects":true,"showParticleSystems":true},"in2DMode":false,"pivot":{"x":0.5000641345977783,"y":-0.1790442168712616,"z":3.5427122116088869},"rotation":{"x":0.5271615386009216,"y":0.11721005290746689,"z":-0.07369671016931534,"w":0.8384155631065369},"size":2.196347236633301,"orthographic":true}